word,frequency
line,561
time,545
get,468
would,325
wait,319
could,252
ticket,216
like,216
money,214
long,198
crowd,186
pas,178
never,170
fast,166
visit,137
food,134
staff,126
crowded,126
closed,118
trip,110
walk,106
pass,103
price,102
world,102
member,98
service,97
good,96
waiting,93
cast,91
last,90
queue,86
show,85
employee,82
attraction,82
ever,82
guest,81
also,81
customer,79
pay,78
lot,78
stroller,78
took,78
made,76
spent,76
rude,74
asked,74
parade,74
ca,73
parking,73
small,72
find,72
left,71
paid,70
magic,70
great,70
waited,69
expensive,69
disappointed,68
since,68
front,67
mountain,67
walt,67
hotel,66
area,66
visited,65
nothing,65
next,64
stand,64
little,64
spend,63
character,62
least,62
tried,61
fun,61
worth,60
wanted,60
adventure,58
min,58
everything,58
able,58
due,57
standing,57
le,56
new,55
doe,55
half,55
everyone,54
waste,54
car,54
bad,54
firework,54
main,54
big,54
anything,53
number,53
theme,53
past,52
problem,52
move,52
used,51
per,51
finally,50
person,50
cost,49
entrance,49
night,49
point,49
something,49
use,48
return,48
however,48
whole,47
give,47
came,47
worst,47
full,47
security,47
broken,47
love,47
work,46
adult,46
gate,46
best,46
early,46
without,45
enjoy,45
tell,45
trying,45
saw,45
break,45
feel,45
fastpass,44
end,44
try,44
enough,44
run,44
away,44
street,44
picture,43
ridiculous,43
universal,43
vacation,43
several,42
instead,42
amount,42
thought,42
dollar,42
actually,42
far,41
morning,41
called,41
three,41
help,41
terrible,41
part,41
mickey,41
magical,41
walking,41
enter,40
care,40
christmas,40
poor,40
issue,40
sorry,40
found,40
week,40
almost,40
later,40
open,40
leave,40
sit,39
someone,39
keep,39
gone,39
system,39
restaurant,39
water,39
broke,38
horrible,38
decided,38
hard,38
room,38
hot,38
entire,37
happy,37
worse,37
else,37
already,37
review,37
paying,36
extremely,36
look,36
thousand,36
recommend,35
working,35
annual,35
arrived,34
buy,34
always,34
sign,34
train,34
orlando,34
major,34
free,33
stood,33
either,33
busy,33
nice,33
stay,33
given,33
wo,33
land,33
tired,32
photo,32
put,32
huge,32
disappointment,32
florida,32
visiting,32
overpriced,32
sad,32
limit,32
everywhere,32
right,32
yes,32
rest,31
phone,31
high,31
different,31
life,31
parent,31
control,31
couple,30
bought,30
inside,30
awful,30
felt,30
birthday,30
allowed,30
kept,30
cut,30
started,30
though,30
special,30
turned,29
overcrowded,29
maybe,29
online,29
season,29
wife,29
packed,29
gave,28
must,28
anyone,28
husband,28
exit,28
mean,28
local,28
save,28
loved,28
stop,28
seems,28
longer,27
seen,27
star,27
done,27
close,27
tram,27
pirate,27
running,27
refund,27
heat,27
may,27
side,27
fantasmic,26
studio,26
saying,26
happened,26
treated,26
seemed,26
check,26
holiday,26
change,26
impossible,26
reason,26
four,26
age,26
near,26
scooter,26
call,26
making,25
today,25
coming,25
single,25
second,25
hopper,25
girl,25
management,25
app,25
total,25
quite,25
friend,25
charge,25
behind,25
shame,25
young,25
available,24
looking,24
wrong,24
wheelchair,24
order,24
looked,24
mouse,24
spot,24
question,24
expect,24
jones,24
expected,24
lunch,24
guess,24
believe,24
safety,24
extra,23
admission,23
disappointing,23
avoid,23
sell,23
yet,23
bring,23
house,23
anywhere,23
offer,23
understand,23
completely,23
anymore,23
miserable,23
month,23
bag,23
average,22
lost,22
short,22
ago,22
wasted,22
school,22
visitor,22
summer,22
outside,22
turn,22
home,22
dirty,22
policy,22
meal,22
heard,22
wonderful,22
greed,22
barely,22
bathroom,22
light,22
booth,22
capacity,21
especially,21
traffic,21
please,21
weekend,21
party,21
joke,21
worker,21
plus,21
probably,21
become,20
others,20
priced,20
discount,20
card,20
definitely,20
literally,20
disabled,20
unfortunately,20
offered,20
shuttle,20
shade,20
wish,20
ahead,19
rather,19
la,19
dog,19
taking,19
together,19
pretty,19
book,19
managed,19
hr,19
fact,19
option,19
read,19
spending,19
lack,19
cold,19
shop,19
top,19
walked,19
stopped,19
friendly,19
large,18
massive,18
absolutely,18
hardly,18
ok,18
boy,18
spring,18
man,18
including,18
maxpass,18
five,18
resort,18
hold,18
telling,18
knew,18
monorail,18
group,18
seat,18
fan,17
along,17
experienced,17
job,17
simply,17
oh,17
shut,17
stuck,17
anaheim,17
twice,17
totally,17
imagine,17
mansion,17
ask,17
real,17
treat,17
moving,17
popular,17
princess,17
needed,17
remember,17
disability,17
mind,17
push,17
watch,16
catch,16
event,16
within,16
construction,16
talk,16
ruined,16
complete,16
planned,16
souvenir,16
stick,16
travel,16
taken,16
might,16
low,16
eat,16
happen,16
fee,16
movie,16
value,16
purchased,16
supposed,16
halloween,16
allow,16
plan,16
leaving,16
sun,16
returned,16
manager,16
store,16
enjoyed,16
maintenance,16
town,16
idea,16
ready,16
shoulder,16
rip,15
max,15
worked,15
truly,15
across,15
possible,15
lady,15
unless,15
opened,15
tour,15
entry,15
prepared,15
received,15
hundred,15
drink,15
direction,15
reservation,15
filled,15
cattle,15
multiple,15
kind,15
course,15
amazing,15
complaint,15
situation,15
cry,15
grand,15
late,15
met,15
clean,15
information,15
pm,15
nearly,15
double,14
period,14
rider,14
company,14
add,14
older,14
rode,14
mistake,14
table,14
limited,14
sold,14
recently,14
changed,14
set,14
ate,14
email,14
woman,14
corporate,14
profit,14
snack,14
attitude,14
mile,14
view,14
guy,14
difficult,14
crazy,14
downtown,14
supervisor,14
hall,14
peak,14
selling,14
giving,14
business,14
difficulty,14
spoke,14
thinking,14
section,14
hate,13
castle,13
normally,13
entertainment,13
relation,13
super,13
seriously,13
noticed,13
mom,13
monday,13
deal,13
enjoyable,13
positive,13
overall,13
excited,13
website,13
dark,13
quality,13
leg,13
missed,13
onto,13
sitting,13
concern,13
trash,13
granddaughter,13
case,13
refused,13
matterhorn,13
ground,13
evening,13
sat,13
continue,13
feeling,13
fire,13
degree,13
ice,13
cousin,13
foot,13
live,13
unhappy,12
level,12
gift,12
ended,12
helpful,12
somewhere,12
track,12
e,12
que,12
charged,12
holder,12
toddler,12
meet,12
nightmare,12
normal,12
pushed,12
window,12
apparently,12
drive,12
bottle,12
overcrowding,12
access,12
name,12
choice,12
minnie,12
none,12
obviously,12
although,12
type,12
using,12
seeing,12
chair,12
matter,12
sea,12
technical,12
amusement,12
dinner,12
grown,12
southern,12
watching,11
forget,11
six,11
breaking,11
fair,11
australia,11
usually,11
certain,11
memory,11
booked,11
soon,11
quickly,11
hope,11
original,11
senior,11
forward,11
apology,11
childhood,11
planning,11
hand,11
provide,11
color,11
august,11
favorite,11
crap,11
baby,11
grave,11
purchase,11
opening,11
complain,11
clearly,11
dont,11
queuing,11
handicapped,11
except,11
letter,11
miss,11
advice,11
pushing,11
boat,11
zero,11
checked,11
rope,10
step,10
october,10
unable,10
bottom,10
ordered,10
drove,10
letting,10
mostly,10
dream,10
minimum,10
hit,10
outrageous,10
returning,10
law,10
station,10
expectation,10
response,10
white,10
forever,10
patron,10
enjoyment,10
incredibly,10
talking,10
b,10
safe,10
entering,10
ripped,10
explained,10
afford,10
okay,10
city,10
afternoon,10
moment,10
process,10
item,10
head,10
stayed,10
autograph,10
conversation,10
war,10
nemo,10
bar,10
upset,10
answer,10
explain,10
turning,10
beyond,10
buying,10
game,10
excuse,10
grandchild,10
empty,10
directed,10
fortune,10
yesterday,10
buck,10
greedy,9
highly,9
third,9
throughout,9
lead,9
knotts,9
farm,9
allows,9
state,9
posted,9
talked,9
otherwise,9
constantly,9
niece,9
rule,9
middle,9
distance,9
cruise,9
luck,9
fastpasses,9
yelling,9
restroom,9
basically,9
ran,9
happens,9
men,9
caribbean,9
picked,9
america,9
rudely,9
mediocre,9
dining,9
mention,9
site,9
blocked,9
size,9
honestly,9
required,9
hungry,9
toilet,9
ups,9
added,9
sick,9
property,9
sent,9
cancelled,9
viewing,9
asking,9
brought,9
advance,9
rent,9
thunder,9
pram,9
elsewhere,9
pan,9
tiny,9
example,9
frustrated,9
sense,9
raised,9
hell,9
cream,9
complained,9
manage,9
dl,9
temporarily,9
act,9
didnt,9
began,9
suppose,9
designed,9
smile,8
yr,8
encountered,8
mad,8
corporation,8
nicer,8
hated,8
biggest,8
february,8
garage,8
unhelpful,8
selfie,8
electric,8
personally,8
grandson,8
realize,8
thank,8
poorly,8
wrote,8
lucky,8
earlier,8
medical,8
quick,8
roped,8
travelled,8
fine,8
complaining,8
lineup,8
human,8
door,8
cheap,8
herded,8
wonder,8
beautiful,8
date,8
compared,8
straight,8
hear,8
anyway,8
written,8
threw,8
regular,8
doubt,8
bother,8
simple,8
noon,8
willing,8
machine,8
june,8
ada,8
upon,8
seating,8
march,8
finding,8
headed,8
actual,8
hey,8
orleans,8
pointed,8
mid,8
wow,8
perhaps,8
january,8
closing,8
became,8
peter,8
marketing,8
story,8
manner,8
toon,8
december,8
dangerous,8
path,8
entered,8
nasty,8
lined,8
trick,8
dressed,8
majority,8
saving,8
chaos,8
speak,8
hamburger,8
vision,7
uncomfortable,7
rate,7
credit,7
warned,7
grumpy,7
true,7
difference,7
sadly,7
writing,7
throw,7
advise,7
consider,7
severely,7
built,7
particular,7
ridiculously,7
veteran,7
riding,7
numerous,7
standard,7
bigger,7
boring,7
play,7
river,7
teenager,7
paper,7
non,7
arriving,7
sardine,7
eventually,7
maximum,7
worn,7
essentially,7
face,7
disgusted,7
paris,7
fault,7
helped,7
effort,7
whilst,7
air,7
dropped,7
round,7
operating,7
wasting,7
unfriendly,7
device,7
garbage,7
zoo,7
shocked,7
folk,7
clear,7
interested,7
outdated,7
reasonable,7
expense,7
incident,7
coaster,7
weather,7
million,7
thru,7
santa,7
figure,7
saturday,7
cause,7
breakfast,7
location,7
pack,7
buzz,7
till,7
badly,7
cutting,7
compensation,7
wheel,7
oct,7
figured,7
emergency,7
attention,7
hoping,7
chance,7
board,7
opposite,7
toy,7
ten,7
cake,7
stress,7
suck,7
cool,7
sidewalk,7
beginning,7
wall,7
notice,7
resident,7
charm,7
approximately,7
walkway,7
build,7
tuesday,7
scary,7
neither,7
opted,7
counter,7
fix,7
blue,7
certainly,7
ramp,7
public,7
friday,7
mother,7
hurt,7
moved,6
berry,6
priority,6
anniversary,6
duration,6
music,6
los,6
flag,6
agent,6
cart,6
begin,6
office,6
scanning,6
operator,6
reality,6
elevator,6
rated,6
weekday,6
september,6
frustration,6
bumped,6
beach,6
brother,6
condition,6
decoration,6
frankly,6
cinderella,6
snow,6
kidding,6
unacceptable,6
exited,6
overrated,6
solution,6
county,6
respect,6
drop,6
atmosphere,6
follow,6
nowhere,6
putting,6
bus,6
handicap,6
send,6
recent,6
known,6
angry,6
lame,6
shirt,6
driver,6
unfortunate,6
easily,6
crowding,6
smelled,6
cant,6
p,6
dress,6
passport,6
san,6
stuff,6
removed,6
candy,6
bench,6
breakdown,6
beast,6
fantasyland,6
wet,6
cheese,6
chose,6
plenty,6
general,6
training,6
specific,6
apparent,6
grew,6
possibly,6
based,6
renovation,6
celebration,6
eye,6
lining,6
opinion,6
abuse,6
square,6
jam,6
mass,6
finished,6
passed,6
ruin,6
brand,6
trampled,6
display,6
allowing,6
kiddie,6
slow,6
traveling,6
road,6
nobody,6
future,6
frustrating,6
suggest,6
eating,6
approached,6
grad,6
loading,6
staying,6
roller,6
decade,5
addition,5
minimal,5
vip,5
cash,5
handle,5
activity,5
form,5
assistance,5
red,5
corn,5
claimed,5
hire,5
canada,5
teen,5
named,5
learn,5
healthy,5
sometimes,5
highlight,5
despite,5
disaster,5
note,5
father,5
july,5
towards,5
flew,5
sister,5
fall,5
alone,5
sincerely,5
smaller,5
kingdom,5
mark,5
attend,5
midnight,5
exactly,5
spoiled,5
purse,5
cal,5
happiness,5
sunday,5
planet,5
considering,5
announcement,5
goofy,5
structure,5
often,5
write,5
countless,5
stupid,5
stressed,5
appreciate,5
beauty,5
enjoying,5
stressful,5
comparison,5
surely,5
cram,5
missing,5
legal,5
expecting,5
negative,5
trouble,5
wednesday,5
bunch,5
smell,5
disgusting,5
billion,5
proceeded,5
following,5
showed,5
pricing,5
schedule,5
thankfully,5
diego,5
exception,5
reserved,5
horrific,5
surprised,5
inch,5
april,5
pain,5
unbearable,5
plastic,5
fountain,5
treatment,5
flight,5
requested,5
jumping,5
stepped,5
followed,5
receipt,5
nope,5
sucker,5
multi,5
typically,5
corner,5
reputation,5
earned,5
eve,5
thanks,5
closure,5
soaring,5
important,5
style,5
giant,5
surprise,5
exhausted,5
offering,5
coast,5
receive,5
legacy,5
procedure,5
trained,5
confused,5
camera,5
strongly,5
skip,5
serious,5
ques,5
plain,5
chatting,5
uniform,5
reading,5
granted,5
word,5
cent,5
frequently,5
mister,5
unpleasant,5
yelled,5
woody,5
immediately,5
worthless,5
coke,5
nephew,5
funny,5
downhill,5
rental,5
attendant,5
prior,5
arrive,5
building,5
whether,5
heaven,5
heart,5
pleasant,5
lived,5
likely,5
separate,5
message,5
attempt,5
easy,5
liked,5
dated,5
costume,5
concerned,5
pool,5
annoying,5
country,5
info,5
frontierland,5
beware,5
fighting,5
terror,5
obvious,5
bumping,5
tower,5
tall,5
attended,5
blame,5
sort,5
whatsoever,5
destination,5
admitted,5
seven,5
shorter,5
charging,5
practice,5
fantasy,5
plane,5
disgruntled,4
crossing,4
mess,4
welcome,4
final,4
aside,4
becomes,4
wifi,4
cheaper,4
jump,4
honest,4
agree,4
knocked,4
update,4
wearing,4
usd,4
upgrade,4
encourage,4
quiet,4
crappy,4
fourth,4
aged,4
carousel,4
accommodation,4
tradition,4
fanatic,4
da,4
previously,4
pride,4
bored,4
lose,4
suggestion,4
cater,4
refurbishment,4
desperate,4
download,4
previous,4
classic,4
dealing,4
rat,4
bill,4
menu,4
checking,4
various,4
c,4
holding,4
meanwhile,4
everyday,4
pulling,4
fit,4
keeping,4
fat,4
angeles,4
sheer,4
saved,4
support,4
wage,4
block,4
result,4
bothered,4
exciting,4
frequent,4
embarrassed,4
mistreated,4
interesting,4
comment,4
efficient,4
rolling,4
gotten,4
dump,4
leading,4
threatened,4
screamed,4
loud,4
arizona,4
thumb,4
pathetic,4
popcorn,4
chris,4
ridden,4
needle,4
struggled,4
hill,4
signage,4
wasnt,4
pro,4
whatever,4
hype,4
decide,4
somewhat,4
lasted,4
thursday,4
share,4
locker,4
navigate,4
american,4
list,4
wise,4
heavy,4
mixed,4
firstly,4
usual,4
joined,4
pre,4
cafe,4
chat,4
approach,4
sale,4
choose,4
female,4
premium,4
shopping,4
criminal,4
length,4
submarine,4
generally,4
desire,4
witnessed,4
pressed,4
junk,4
everybody,4
traveled,4
extended,4
join,4
occasion,4
address,4
fill,4
volume,4
internet,4
lower,4
transportation,4
damn,4
patiently,4
metal,4
hop,4
file,4
unbelievable,4
maintain,4
soaked,4
spectacle,4
additional,4
communication,4
shrugged,4
watched,4
announced,4
jammed,4
thats,4
fed,4
seated,4
jumped,4
stranger,4
vendor,4
crammed,4
lie,4
meek,4
yell,4
tone,4
impression,4
report,4
among,4
product,4
knott,4
warning,4
mine,4
celebrate,4
reached,4
reply,4
screaming,4
grizzly,4
starting,4
screamin,4
dozen,4
thick,4
deep,4
tom,4
island,4
ashamed,4
loss,4
btw,4
ensure,4
body,4
hassle,4
tourist,4
multitude,4
uncaring,4
drinking,4
excitement,4
eight,4
issued,4
self,4
heck,4
post,4
fixed,4
squeeze,4
exorbitant,4
cup,4
somebody,4
duty,4
misery,4
decision,4
reach,4
according,4
map,4
guide,4
shoving,4
pier,4
action,4
definately,4
wide,4
sandwich,4
correct,4
wed,4
expired,4
fry,4
wished,4
rain,4
class,4
dec,4
hired,4
bit,4
current,4
struck,4
unsafe,4
bringing,4
trolley,4
informed,4
excellent,4
circle,4
therefore,4
revenue,4
department,4
showing,4
larger,4
purchasing,4
f,4
loose,4
stoller,4
included,4
queued,4
renewing,4
die,4
kiosk,4
mt,4
l,4
calif,4
ton,3
attached,3
obnoxious,3
fully,3
favor,3
reserve,3
grab,3
blood,3
pulled,3
scheme,3
smoking,3
providing,3
playing,3
bien,3
de,3
para,3
radiator,3
error,3
canadian,3
transaction,3
exact,3
hoped,3
updated,3
beforehand,3
washroom,3
ordinary,3
harbor,3
god,3
coffee,3
mobility,3
soooo,3
slot,3
marked,3
entertaining,3
continued,3
threatening,3
regret,3
gold,3
energy,3
entirely,3
blocking,3
patience,3
pixar,3
duck,3
king,3
aladdin,3
recommended,3
shown,3
twain,3
relative,3
co,3
pluto,3
nap,3
utter,3
passion,3
improve,3
unlimited,3
image,3
switch,3
greasy,3
request,3
valid,3
stolen,3
screening,3
ear,3
driving,3
horrendous,3
equipment,3
subway,3
accept,3
arm,3
orange,3
deserve,3
officer,3
truth,3
lowest,3
knowing,3
sight,3
hi,3
somehow,3
create,3
booking,3
meeting,3
pricey,3
freeway,3
conditioned,3
spray,3
rudest,3
adding,3
resulting,3
seek,3
born,3
shocking,3
queueing,3
serving,3
created,3
height,3
trap,3
scam,3
higher,3
responded,3
leaf,3
passholders,3
shutting,3
tap,3
invest,3
cigarette,3
confiscate,3
pod,3
necessary,3
automatically,3
pointing,3
oil,3
envisioned,3
pic,3
raise,3
interaction,3
scheduled,3
continuing,3
argue,3
stormed,3
speech,3
nearby,3
zone,3
lane,3
mat,3
struggle,3
accommodate,3
manually,3
regard,3
canned,3
provided,3
sweet,3
airport,3
rolled,3
luckily,3
lazy,3
dessert,3
soaking,3
alright,3
tax,3
toward,3
toontown,3
effect,3
plate,3
green,3
listened,3
research,3
furthermore,3
bonus,3
tomorrowland,3
advisor,3
staffed,3
forced,3
gross,3
un,3
rise,3
accessible,3
windy,3
changing,3
ticketing,3
understatement,3
power,3
advised,3
advising,3
served,3
regarding,3
nov,3
fantastic,3
insisted,3
yellow,3
shock,3
fortunately,3
valuable,3
east,3
pit,3
admit,3
refunded,3
responsibility,3
tied,3
language,3
weight,3
video,3
possibility,3
distribution,3
facility,3
calling,3
lake,3
behaving,3
monster,3
wild,3
search,3
swim,3
cleanliness,3
picnic,3
attending,3
terribly,3
dangerously,3
lacking,3
gas,3
annoyed,3
sum,3
finger,3
hike,3
exhausting,3
humanity,3
tiring,3
properly,3
icing,3
lightyear,3
proper,3
chit,3
discussing,3
displeasure,3
statement,3
paycheck,3
contacted,3
piece,3
compare,3
starbucks,3
anytime,3
questioned,3
handed,3
stopping,3
soda,3
furious,3
texas,3
increased,3
n,3
sawyer,3
fork,3
chip,3
decent,3
interest,3
searched,3
famous,3
adventureland,3
shuffled,3
besides,3
detail,3
breath,3
physically,3
cross,3
almighty,3
dlls,3
log,3
monica,3
personnel,3
friendliness,3
courteous,3
fifth,3
west,3
condescending,3
endless,3
version,3
swipe,3
challenged,3
pin,3
attack,3
faster,3
salad,3
queen,3
ending,3
setting,3
tv,3
handled,3
herd,3
maximize,3
horror,3
waiter,3
forth,3
tea,3
exceptionally,3
uk,3
status,3
experiencing,3
bridge,3
obtained,3
tokyo,3
commercial,3
indication,3
marriott,3
hawaii,3
happening,3
social,3
pizza,3
approved,3
force,3
hole,3
roping,3
yard,3
shuffle,3
younger,3
living,3
term,3
appeal,3
listed,3
enormous,3
bayou,3
herding,3
placed,3
busiest,3
benefit,3
halfway,3
whenever,3
agreed,3
overheard,3
portion,3
host,3
lifetime,3
environment,3
appears,3
spectacular,3
appear,3
absent,3
horribly,3
updating,3
reaching,3
longest,3
package,3
lip,3
unhappiest,3
oversold,3
escape,3
tear,3
impressed,3
dead,3
sticky,3
dad,3
purpose,3
cell,3
knocking,3
instruction,3
elderly,3
etickets,3
arrival,3
glad,3
floor,3
health,3
unlike,3
hostess,3
annually,3
production,3
rating,3
bang,3
crushing,3
losing,3
apart,3
frozen,3
kicked,3
aka,3
filed,3
jungle,3
confirmation,3
roll,3
acting,3
tiki,3
carribean,3
grabbed,3
simulator,3
sharing,3
directly,3
compliant,3
virtually,3
history,3
sending,3
scanned,3
outdoors,3
refundable,3
con,3
express,3
record,3
bakery,3
teenage,3
sarah,3
reduced,3
ratio,3
played,3
malfunction,3
accomodate,3
ship,3
durring,3
st,3
carnival,3
ignored,3
knottsberry,3
measured,3
alot,3
contact,3
eager,3
hurd,3
patty,3
attempted,3
wan,2
na,2
walts,2
aware,2
rich,2
horas,2
uno,2
tanto,2
se,2
racer,2
november,2
processed,2
cindy,2
parked,2
preferred,2
blonde,2
black,2
cartoon,2
feb,2
mood,2
infant,2
mentioned,2
costing,2
dig,2
precious,2
strong,2
horse,2
excess,2
restricted,2
xmas,2
q,2
foe,2
flying,2
reduce,2
overly,2
teenaged,2
prepaid,2
require,2
nighttime,2
learned,2
swap,2
initial,2
alternate,2
smiling,2
series,2
dramatically,2
aisle,2
hugely,2
suddenly,2
discontinued,2
abruptly,2
railroad,2
donald,2
lion,2
gang,2
oriented,2
uncomfortably,2
rocket,2
film,2
bright,2
chase,2
unaccommodating,2
handler,2
bait,2
print,2
tracker,2
drag,2
scan,2
aulani,2
loudly,2
bday,2
navigating,2
fund,2
quicker,2
backed,2
york,2
hollywood,2
stuidos,2
exiting,2
versus,2
goodness,2
creator,2
artist,2
tossed,2
obscenely,2
china,2
awesome,2
sarcasm,2
avoiding,2
rushing,2
strolling,2
sweating,2
rush,2
captain,2
pale,2
magnitude,2
biscuit,2
imagined,2
budge,2
donate,2
lodge,2
focused,2
honor,2
page,2
depressed,2
significantly,2
rollercoaster,2
similar,2
partner,2
mortified,2
creation,2
tight,2
slammed,2
awaited,2
dirt,2
trashy,2
bust,2
mtn,2
mermaid,2
france,2
suitable,2
upwards,2
exchange,2
key,2
thrown,2
passholder,2
equally,2
license,2
remedy,2
liability,2
motion,2
user,2
intense,2
homeless,2
dull,2
havent,2
vibe,2
greediest,2
peanut,2
stale,2
drank,2
filtered,2
dissapointed,2
test,2
wouldnt,2
forcing,2
surrender,2
juul,2
nicotine,2
harassment,2
national,2
malfunctioning,2
mix,2
disappeared,2
deleted,2
angrily,2
begrudgingly,2
dealt,2
memo,2
former,2
memorial,2
jennifer,2
unhappiness,2
lol,2
scanner,2
cried,2
sunglass,2
photographer,2
ect,2
rubbish,2
tag,2
indicating,2
generic,2
tough,2
cotton,2
turkey,2
merchandise,2
pull,2
pinocchio,2
french,2
tsa,2
remove,2
unbelievably,2
overflow,2
circumstance,2
raining,2
towel,2
bread,2
wine,2
supply,2
tip,2
data,2
apologetic,2
affordable,2
strange,2
answered,2
unending,2
prove,2
proof,2
lighting,2
shania,2
noticeable,2
snap,2
related,2
joking,2
hiring,2
skill,2
grotto,2
validate,2
district,2
stamp,2
ultimately,2
fell,2
polite,2
progressively,2
factor,2
rediculous,2
guard,2
californian,2
roger,2
rabbit,2
triple,2
failed,2
mini,2
cleared,2
subpar,2
operation,2
explaining,2
aging,2
taste,2
exceptional,2
cleaning,2
stepping,2
fight,2
smelly,2
failing,2
cat,2
blowing,2
renew,2
improving,2
nz,2
oiled,2
jack,2
counted,2
blog,2
catered,2
entitlement,2
upstairs,2
disliked,2
nut,2
washington,2
comfortably,2
secure,2
appalled,2
gracie,2
insisting,2
javier,2
baffled,2
harassement,2
via,2
unnecessary,2
limiting,2
grease,2
unreasonable,2
apologize,2
discussion,2
transfer,2
extend,2
id,2
courtesy,2
comp,2
uphold,2
prevent,2
edge,2
firm,2
hurting,2
wave,2
thoroughly,2
escorted,2
laughed,2
visibly,2
epitome,2
cookie,2
cutter,2
temporary,2
endured,2
voucher,2
ya,2
friendliest,2
irritating,2
male,2
hat,2
individual,2
ignoring,2
specifically,2
meltdown,2
dang,2
ur,2
shoe,2
decides,2
load,2
valued,2
prepare,2
adequate,2
split,2
useless,2
distinct,2
absence,2
variety,2
lift,2
maze,2
crutch,2
rented,2
holy,2
register,2
hello,2
negotiate,2
pop,2
robbed,2
sweaty,2
apply,2
dine,2
teddy,2
weird,2
bet,2
growing,2
averaging,2
sweat,2
conditioning,2
embarrasses,2
continues,2
embarrassing,2
refuse,2
importance,2
kicking,2
caused,2
understaffed,2
blah,2
superior,2
stated,2
badge,2
susan,2
news,2
flash,2
fool,2
dvd,2
unethical,2
az,2
emailed,2
acceptable,2
correctly,2
pd,2
claim,2
pick,2
inc,2
maintained,2
declined,2
band,2
scene,2
burning,2
entertain,2
carry,2
nowadays,2
originally,2
mac,2
exceeding,2
discovering,2
autopia,2
cue,2
boycott,2
pleasurable,2
managing,2
route,2
forbid,2
exist,2
traveler,2
waisted,2
headache,2
meat,2
appearance,2
upkeep,2
par,2
hopefully,2
fellow,2
goer,2
fiance,2
improvement,2
death,2
grow,2
directing,2
creates,2
sprung,2
globe,2
nose,2
obese,2
enchanted,2
destroy,2
cashier,2
bothering,2
bank,2
method,2
minor,2
murphy,2
payed,2
cover,2
muggy,2
pushy,2
belle,2
apple,2
wood,2
shooting,2
bride,2
stall,2
werent,2
disapointed,2
slowest,2
solid,2
micky,2
injured,2
replace,2
themed,2
filling,2
passing,2
ranging,2
approaching,2
anticipated,2
quieter,2
student,2
insane,2
shape,2
design,2
understandable,2
fraction,2
dumbo,2
memorable,2
arrangement,2
fewer,2
pretzel,2
team,2
fuss,2
mgm,2
preferable,2
attendance,2
parc,2
political,2
beloved,2
behavior,2
us,2
animated,2
feature,2
touch,2
detriment,2
art,2
scripsi,2
shout,2
shouted,2
feed,2
factory,2
proportion,2
subject,2
fraudulent,2
privileged,2
banned,2
identified,2
executive,2
hang,2
thicket,2
grandkids,2
stampede,2
title,2
walmart,2
nonsensical,2
estimated,2
glimpse,2
usher,2
confiscated,2
hyperspace,2
insulting,2
aunt,2
paradise,2
midday,2
steam,2
technology,2
rarely,2
role,2
club,2
daily,2
pen,2
understanding,2
hazard,2
vowed,2
winding,2
rushed,2
norm,2
reward,2
pissed,2
filthy,2
tripping,2
begged,2
dry,2
hospitality,2
foreign,2
irritated,2
towner,2
organised,2
program,2
backstage,2
horrified,2
claustrophobic,2
shoved,2
buggy,2
worthwhile,2
north,2
hellish,2
estate,2
geared,2
pumpkin,2
neverland,2
gain,2
stroll,2
sake,2
repair,2
belief,2
nto,2
omg,2
listen,2
mainstreet,2
recomend,2
stored,2
respected,2
requires,2
performance,2
voice,2
acknowledged,2
staffing,2
grace,2
smallest,2
remark,2
intention,2
excruciatingly,2
lastly,2
exec,2
catering,2
farther,2
injury,2
sympathy,2
visually,2
impaired,2
institute,2
appeared,2
maneuver,2
aid,2
protocol,2
leash,2
relieve,2
fence,2
staking,2
remain,2
curb,2
float,2
preventing,2
fear,2
umbrella,2
importantly,2
safely,2
reported,2
thus,2
busier,2
convenient,2
encouraging,2
endure,2
comfortable,2
safer,2
stroke,2
explanation,2
vega,2
grandma,2
avoided,2
usa,2
located,2
upgraded,2
absolute,2
kicker,2
checkpoint,2
nazi,2
confusion,2
requiring,2
extreme,2
wealthy,2
drug,2
torture,2
promise,2
present,2
thrill,2
approx,2
unecceptable,2
carpark,2
genuinely,2
sued,2
depressing,2
streaming,2
endlessly,2
diamond,2
encounter,2
admitting,2
brief,2
random,2
twin,2
utterly,2
overwhelmed,2
lodging,2
believed,2
oasis,2
consisted,2
microwaved,2
w,2
amber,2
suggested,2
narrow,2
battle,2
sugar,2
counting,2
insulin,2
chef,2
speaking,2
pleased,2
fever,2
inform,2
lincoln,2
refurbishing,2
prefer,2
disapointing,2
saddened,2
clerk,2
taught,2
lamp,2
promptly,2
optimistic,2
mr,2
professional,2
equal,2
computer,2
naively,2
mall,2
gently,2
chamber,2
commerce,2
perfect,2
particularly,2
sir,2
observation,2
slowly,2
patient,2
heading,2
unfair,2
en,2
asthma,2
representative,2
opportunity,2
commercialized,2
handing,2
rep,2
intentionally,2
disgust,2
married,2
zombie,2
noise,2
link,2
designer,2
trainthe,2
vacant,2
throwing,2
stomach,2
cognitively,2
currently,2
oregon,2
apps,2
income,2
mimic,2
castmember,2
gay,2
secondary,2
discovered,2
instance,2
wee,2
focus,2
virtual,2
mechanical,2
bay,2
finish,2
regulate,2
belive,2
summertime,2
burger,2
diner,2
melt,2
laugh,2
restraint,2
caught,2
outlet,2
tomorrow,2
animal,2
platform,2
swimming,2
approve,2
unruly,2
politely,2
expire,2
joy,2
shabby,2
cleaned,2
alice,2
field,2
overweight,2
regularly,2
sticking,2
notified,2
wont,2
nerve,2
vomiting,2
affected,2
passenger,2
fried,2
supporter,2
incredible,2
frightening,2
canoe,2
marshall,2
monthly,2
secondly,2
prime,2
glamour,2
accident,2
cranky,2
mailed,2
overworked,2
lacked,2
goal,2
ought,2
typical,2
edible,2
hung,2
cleaner,2
recession,2
speed,2
modern,2
greatly,2
budget,2
center,2
merry,2
carrying,2
backpack,2
canceled,2
hopped,2
patio,2
heater,2
routed,2
til,2
accomodation,2
sooner,2
truthfully,2
lolly,2
spider,2
web,2
remodel,2
evacuated,2
bath,2
debit,2
alleviate,2
shouting,2
brim,2
increase,2
exceeded,2
posting,2
swell,2
personal,2
pair,2
scissors,2
beat,2
risk,2
elbow,2
heaving,2
socal,2
ho,2
jo,2
dreamworld,2
gray,2
bun,2
lettuce,2
soggy,2
resembling,2
fifty,2
spread,2
ushered,2
ferris,2
cough,2
careful,2
wink,2
carpet,2
sleeping,2
crowed,2
quit,2
abandoned,2
spendy,2
sensed,1
prowling,1
tasmic,1
situated,1
unoccupied,1
straining,1
overcrowd,1
cow,1
jamming,1
promoted,1
aswell,1
boil,1
listening,1
doubled,1
sometime,1
getaway,1
unenthusiastic,1
recomiendo,1
visitar,1
esta,1
ocupado,1
lineas,1
vien,1
largas,1
ridiculo,1
caros,1
trabaja,1
dura,1
por,1
su,1
dinero,1
justo,1
cobren,1
espere,1
el,1
juego,1
carros,1
dijeran,1
desconpuso,1
recommiendo,1
gusto,1
como,1
papa,1
tener,1
esperar,1
relationstalked,1
backthe,1
lied,1
advertise,1
gosh,1
northern,1
alberta,1
preteen,1
implying,1
grumpier,1
haired,1
tuque,1
cheryl,1
tarp,1
negativity,1
workplace,1
positivity,1
revisted,1
tacky,1
ocean,1
travelling,1
accommodates,1
screened,1
belonging,1
excided,1
choosed,1
blvd,1
heartbreaking,1
transport,1
chooses,1
carriage,1
petrol,1
driven,1
fla,1
befuddles,1
elephant,1
appointment,1
mansuon,1
facial,1
recognition,1
database,1
roughly,1
ensures,1
boulevard,1
survived,1
inadvisable,1
proximity,1
abnormal,1
falling,1
glitch,1
utilized,1
tremendously,1
recounted,1
indicative,1
crabby,1
barking,1
substantially,1
tandem,1
codger,1
hk,1
inconveniently,1
letdown,1
stage,1
substantial,1
hmm,1
science,1
steamboat,1
fvcking,1
mascot,1
uncompassionate,1
unmagical,1
sudden,1
joint,1
tonight,1
blimey,1
shamble,1
ceo,1
foresight,1
efficiently,1
unfortunatey,1
shattered,1
watermark,1
resolution,1
tricking,1
profiteering,1
favourite,1
appetizer,1
desert,1
expects,1
advertises,1
crashed,1
scoot,1
visual,1
indicator,1
handbag,1
terrified,1
kiddos,1
mgic,1
direct,1
kok,1
sydney,1
brilliant,1
mumbled,1
sound,1
overhead,1
recourse,1
spit,1
competent,1
overcharge,1
saddens,1
surpassed,1
smal,1
rubish,1
faded,1
trust,1
police,1
admiration,1
innovator,1
inspiring,1
proud,1
shill,1
maximization,1
inefficient,1
disheartening,1
benefiting,1
suit,1
stalled,1
dripping,1
profanity,1
remembers,1
racing,1
spiderman,1
panther,1
fuller,1
warm,1
competitive,1
race,1
numberous,1
leader,1
jobsworth,1
impersonal,1
adopted,1
existing,1
wolf,1
cancel,1
tripadvisor,1
blind,1
fainted,1
impact,1
penalises,1
pricy,1
comparing,1
favourably,1
mick,1
reconfigured,1
wend,1
quarter,1
hubcap,1
thrilled,1
lobby,1
misinformed,1
goi,1
epic,1
smartphones,1
ruining,1
retribution,1
lilo,1
stich,1
moana,1
madagascar,1
slightly,1
warn,1
selection,1
spilled,1
concourse,1
grabber,1
organise,1
equivalent,1
fashioned,1
mug,1
idiot,1
amenity,1
eternity,1
resolved,1
processing,1
constant,1
embarrassingly,1
touching,1
crowdwd,1
whoever,1
midwest,1
crappiest,1
sheep,1
slaughter,1
colour,1
renamed,1
simplest,1
daydreaming,1
frontier,1
swamp,1
hasnt,1
flown,1
outdoor,1
shaded,1
huuuuuge,1
dehidrate,1
shoot,1
maxtrash,1
beleive,1
beta,1
ao,1
amd,1
medically,1
registered,1
nurse,1
sheriff,1
lighter,1
realized,1
legally,1
mistreatment,1
threat,1
vape,1
cbd,1
nine,1
exploring,1
utah,1
seventy,1
uncommon,1
boutique,1
hair,1
guiding,1
tack,1
profited,1
controlled,1
absurd,1
earning,1
poverity,1
livable,1
generous,1
miser,1
unused,1
account,1
lifelong,1
mega,1
encino,1
unwritten,1
tardiness,1
considered,1
spoken,1
stubborn,1
cheat,1
fabricate,1
flexibility,1
moderately,1
reassess,1
comical,1
xray,1
detect,1
goodthing,1
boyfriend,1
litter,1
teaching,1
retrain,1
dreamy,1
fairytale,1
transpired,1
paul,1
hid,1
mentioning,1
prompted,1
unrestricted,1
pink,1
depending,1
zipper,1
magnet,1
minuet,1
manufacturer,1
alien,1
boaster,1
legged,1
stool,1
seurity,1
storage,1
underwhelming,1
favour,1
nostalgia,1
rewatch,1
finishing,1
remind,1
bucket,1
pertains,1
grouped,1
pour,1
wipe,1
lunchbox,1
alcoholic,1
vodka,1
concoction,1
tasted,1
juicy,1
juice,1
sprite,1
sparkling,1
glass,1
bellagio,1
freezing,1
receiving,1
understood,1
banana,1
walling,1
industry,1
rinse,1
firehouse,1
apartment,1
includes,1
photopass,1
external,1
charger,1
batteryeasy,1
moreover,1
noted,1
lovely,1
hoodies,1
enthusiastic,1
tedious,1
gadget,1
proceed,1
depended,1
autistic,1
sever,1
anxiety,1
lying,1
bodied,1
cruising,1
autism,1
differently,1
waitstaff,1
dim,1
distracted,1
tape,1
sing,1
irrelevant,1
nosedive,1
theory,1
conformation,1
sufficient,1
cantankerous,1
whooo,1
hooo,1
screwed,1
arielle,1
establishment,1
mere,1
plead,1
brian,1
hmmm,1
moron,1
weakness,1
authority,1
exploitation,1
corrupt,1
dirtiness,1
cruz,1
boardwalk,1
primarily,1
premise,1
extraordinarily,1
railway,1
gladly,1
league,1
hologram,1
linked,1
automated,1
seamless,1
fromdisney,1
recommendation,1
luster,1
redo,1
harder,1
pristine,1
hedge,1
sparking,1
decency,1
unkept,1
worthy,1
snd,1
congested,1
insidents,1
erupted,1
fart,1
consume,1
payment,1
waiti,1
wind,1
tree,1
documentary,1
blogger,1
decor,1
disappoint,1
reopens,1
sally,1
reminder,1
switching,1
splitting,1
target,1
overseas,1
vlogs,1
wi,1
fi,1
nonexistence,1
delicious,1
questionnaire,1
rock,1
curtain,1
ancient,1
yep,1
deserves,1
babe,1
anticipating,1
adjust,1
handling,1
panel,1
proceeding,1
wondering,1
manger,1
harassed,1
brushed,1
gabby,1
plaid,1
plea,1
scripted,1
mimimum,1
redeem,1
surprising,1
qm,1
soi,1
thsat,1
shorted,1
paraded,1
dearly,1
nicest,1
kudos,1
sadden,1
phoned,1
suggesting,1
signal,1
immediate,1
prompt,1
latest,1
instant,1
conclude,1
inconvenience,1
sacred,1
corp,1
sword,1
cumbersome,1
rigid,1
subservient,1
robot,1
insincerely,1
spouting,1
disingenuously,1
strategic,1
damper,1
bypassed,1
worried,1
monumental,1
tidal,1
unloading,1
mechanism,1
unloaded,1
dept,1
fireman,1
ridicule,1
upsetting,1
underserviced,1
paste,1
judgment,1
distastefully,1
genuine,1
experiential,1
restore,1
disclaimer,1
cramming,1
consideration,1
everytime,1
badluck,1
indian,1
superb,1
racial,1
specially,1
lazer,1
tucked,1
attire,1
pleading,1
targeting,1
racist,1
darn,1
threaten,1
walkin,1
standin,1
clue,1
scrap,1
tolerate,1
definitively,1
dismissive,1
culminated,1
passersby,1
pretended,1
vey,1
veryyyyyyyy,1
baaaaaaaaaaaaaad,1
wang,1
positivecons,1
mania,1
tannoy,1
inaudible,1
crane,1
edit,1
definetly,1
interrupted,1
enthusiast,1
tidy,1
enthusiasm,1
stealing,1
freakin,1
loooong,1
buffet,1
blurted,1
apologized,1
meant,1
dehydrating,1
routine,1
compton,1
sandwiched,1
fresh,1
flush,1
farst,1
eventuslly,1
romantic,1
bellas,1
promissed,1
tokd,1
dumb,1
studying,1
somethings,1
doll,1
wsnted,1
realised,1
rheumatoid,1
arthritis,1
convince,1
unwilling,1
scenario,1
cheated,1
buildup,1
distributed,1
fallen,1
comfort,1
radio,1
chicago,1
il,1
appreciated,1
civil,1
aggression,1
uncalled,1
repercussion,1
hunted,1
manssion,1
owed,1
sham,1
rammed,1
centre,1
struggling,1
est,1
despise,1
privy,1
cm,1
delayed,1
surpasses,1
disregard,1
minnesota,1
easier,1
crips,1
confront,1
tuff,1
spotted,1
argued,1
calm,1
anthony,1
liquor,1
describing,1
accused,1
liar,1
sub,1
concession,1
yo,1
chucked,1
discarded,1
excessive,1
cuz,1
outstanding,1
foolish,1
punishment,1
lucked,1
ongoing,1
wake,1
anahein,1
alsp,1
reunion,1
davy,1
ie,1
tentacle,1
rapid,1
condensing,1
rising,1
treating,1
ridemax,1
thepeter,1
storyland,1
marching,1
performed,1
technically,1
chinese,1
cinch,1
branded,1
stamped,1
reenter,1
farce,1
bizarre,1
themself,1
childish,1
compacity,1
successful,1
forgotten,1
match,1
widely,1
flock,1
row,1
base,1
duper,1
freaking,1
accurate,1
unavailable,1
untidy,1
carnation,1
paddle,1
wheeler,1
bland,1
napkin,1
chocolate,1
perspn,1
obtainable,1
junkfood,1
filth,1
overtaken,1
gem,1
pity,1
dmv,1
dreamed,1
rejected,1
extending,1
possession,1
gopro,1
advanced,1
fulfill,1
ensuring,1
questioning,1
concept,1
accomplishing,1
unmanageable,1
spilling,1
shin,1
motorized,1
overflowing,1
violated,1
organize,1
despair,1
disclose,1
slipping,1
acreage,1
delivering,1
staggered,1
expansion,1
shuffling,1
continually,1
manageable,1
disrespectfully,1
exceedingly,1
closely,1
enema,1
hideously,1
artifact,1
flagship,1
evil,1
satellite,1
poison,1
mushroom,1
shamelessly,1
rube,1
shockingly,1
sky,1
implicit,1
rank,1
obscenity,1
shady,1
bonkers,1
overdosing,1
sugary,1
indeed,1
toe,1
flattened,1
bloated,1
legion,1
morbidly,1
solace,1
decompress,1
martini,1
morton,1
encounted,1
decker,1
snarky,1
blatantly,1
swiping,1
feasible,1
swiped,1
bent,1
po,1
announces,1
monitoring,1
unimpressed,1
reconsidering,1
congratulated,1
cit,1
hug,1
educating,1
layout,1
hallway,1
employes,1
genie,1
alladin,1
costed,1
insult,1
posin,1
boulder,1
dwarfes,1
carribion,1
odd,1
pillageing,1
drunk,1
theyre,1
mail,1
welp,1
experiance,1
addvertising,1
dispointment,1
frown,1
definition,1
absolutley,1
amazes,1
openly,1
yippee,1
pointer,1
whichever,1
overrun,1
impatient,1
parting,1
consistent,1
nutshell,1
sail,1
homework,1
funky,1
guessed,1
discouraging,1
crouds,1
math,1
wathed,1
futuristic,1
overwhelming,1
statue,1
applied,1
implemented,1
lousy,1
impressive,1
overlap,1
electrical,1
neighborhood,1
toddles,1
modernisation,1
def,1
overhaul,1
restuarant,1
woe,1
reevaluate,1
melody,1
guidw,1
closer,1
medlody,1
crew,1
speedway,1
preventative,1
junior,1
channel,1
discern,1
cult,1
describe,1
shrink,1
outide,1
caurosel,1
lemonade,1
hotdog,1
sport,1
busch,1
garden,1
hershey,1
kindom,1
epcot,1
liking,1
conference,1
aaa,1
yosemite,1
sequoia,1
catalina,1
bison,1
repaired,1
overdate,1
overreacting,1
monocle,1
innocent,1
oblivious,1
numbed,1
riff,1
raff,1
remembering,1
innocence,1
unity,1
programming,1
agenda,1
employ,1
lynchpin,1
economy,1
greater,1
disastrous,1
conscience,1
television,1
commercialization,1
creativity,1
quod,1
smoothly,1
rudethe,1
josh,1
penny,1
arcade,1
dullest,1
slice,1
cardboard,1
biblical,1
removal,1
museum,1
torturous,1
compromised,1
racked,1
costco,1
sectioned,1
goodwill,1
bubble,1
blower,1
scream,1
hunger,1
soul,1
dinning,1
carefully,1
select,1
virtue,1
bullet,1
shaped,1
dice,1
birth,1
downloaded,1
rapunzel,1
homebody,1
chasing,1
clock,1
afar,1
occurred,1
funniest,1
south,1
divided,1
disneyword,1
suffering,1
melee,1
gathered,1
bollard,1
excessively,1
advantage,1
inaccurate,1
enthused,1
strip,1
retrieve,1
larry,1
faulty,1
turistswaste,1
native,1
relished,1
relief,1
ankle,1
closest,1
casualty,1
jostle,1
shove,1
respite,1
lounge,1
explore,1
eligible,1
pedometer,1
starter,1
jedi,1
atop,1
enrique,1
apologised,1
criticising,1
refurb,1
suspended,1
albeit,1
loosing,1
dissapointing,1
steep,1
sec,1
dubai,1
innovation,1
usage,1
milking,1
sprint,1
odds,1
availability,1
doc,1
mcstuffins,1
sofia,1
mickie,1
insufficient,1
warrant,1
insanely,1
longs,1
stationary,1
riverboat,1
ski,1
awhile,1
reflect,1
inconsistent,1
deplorable,1
evermore,1
retraining,1
lair,1
permanently,1
terrace,1
monte,1
cristo,1
indefinitely,1
elite,1
standby,1
compete,1
hollered,1
deviate,1
downright,1
occurs,1
downghill,1
coupon,1
catching,1
gigantic,1
dole,1
whip,1
entertained,1
someday,1
discussed,1
material,1
publishes,1
consevitivly,1
steer,1
notification,1
functioning,1
compassion,1
poorest,1
bracelet,1
violation,1
exhibit,1
ft,1
landscaping,1
taping,1
lowered,1
sixty,1
twist,1
inferior,1
blaming,1
monopolizing,1
organization,1
citizen,1
subjected,1
skimpy,1
soup,1
captured,1
audience,1
alert,1
unnerving,1
loving,1
detector,1
hyper,1
sought,1
shelter,1
awning,1
unsympathetic,1
puddle,1
teach,1
renowned,1
afraid,1
angelenos,1
oc,1
reportedly,1
slower,1
venue,1
moon,1
shafted,1
yukki,1
pretend,1
underground,1
exclusive,1
laid,1
scratch,1
salute,1
active,1
raved,1
retired,1
connected,1
combat,1
slap,1
retreat,1
pinned,1
grateful,1
panic,1
mecca,1
horrendously,1
inhibiting,1
auto,1
archaic,1
pitiful,1
taunted,1
prospect,1
fold,1
dominating,1
dear,1
barging,1
centric,1
orientated,1
suited,1
schoolers,1
lightly,1
sticker,1
chill,1
pocket,1
dreaming,1
littered,1
anticipation,1
rare,1
privilege,1
photograph,1
thor,1
dancing,1
munk,1
summed,1
enriching,1
trail,1
immature,1
christ,1
worldly,1
hero,1
rough,1
buddy,1
potty,1
andin,1
ot,1
flo,1
notget,1
sone,1
painful,1
summary,1
foul,1
mouthed,1
restaraunts,1
disnaeyland,1
thankful,1
realy,1
ohio,1
unorganized,1
waved,1
obsolete,1
shareholder,1
rendition,1
disdain,1
dared,1
desired,1
shunted,1
citing,1
actor,1
synching,1
singing,1
exasperated,1
mock,1
shrugging,1
flabbergasting,1
witness,1
faux,1
pa,1
dreadful,1
frowning,1
scoffed,1
dismay,1
unheard,1
court,1
quantity,1
dust,1
caking,1
entirety,1
moldy,1
vent,1
familiar,1
bend,1
backwards,1
issuing,1
invalidated,1
amicably,1
mission,1
potential,1
unreal,1
inconvenienced,1
interacting,1
fired,1
motel,1
disappointedwe,1
nowi,1
prohibitive,1
ramming,1
preface,1
provider,1
volunteered,1
agency,1
provides,1
breeder,1
keeper,1
employerwe,1
convenience,1
cor,1
drought,1
flower,1
outright,1
floating,1
narrower,1
flow,1
contusion,1
swelling,1
limped,1
quote,1
confirmed,1
fav,1
impersonating,1
appropriate,1
harness,1
identification,1
poop,1
therapy,1
yawning,1
society,1
combination,1
nearing,1
frantic,1
brace,1
poll,1
protect,1
dumped,1
proceeds,1
visa,1
resend,1
international,1
shipping,1
worry,1
joyous,1
clothes,1
painting,1
stock,1
butterfly,1
bulk,1
plugged,1
associated,1
sickness,1
desease,1
cancelling,1
humidity,1
endangered,1
sunlight,1
canvas,1
exposed,1
lethargic,1
convulsion,1
doctor,1
lapse,1
expose,1
unclear,1
madness,1
simba,1
sony,1
camcorder,1
mobile,1
footpath,1
faced,1
label,1
attach,1
steakhouse,1
wonderfulcons,1
reader,1
outrageously,1
racket,1
abounds,1
restriction,1
remote,1
boooo,1
mosh,1
reviewer,1
unexplainable,1
density,1
substandard,1
jingle,1
intend,1
pretending,1
cosmetic,1
veneer,1
dizzyland,1
unneeded,1
patronize,1
crock,1
rebuild,1
dedicate,1
stadium,1
elsa,1
anna,1
stair,1
agrees,1
ushering,1
pathway,1
preparation,1
justify,1
informing,1
deciding,1
condescendingly,1
waving,1
laughing,1
assume,1
screw,1
lightbulb,1
dread,1
function,1
screen,1
chicken,1
nugget,1
deceptive,1
pst,1
accessing,1
automatic,1
replacement,1
jubilee,1
squarely,1
unknown,1
devastated,1
tooooo,1
overselling,1
organized,1
reviewing,1
gridlock,1
backtracking,1
minutues,1
upload,1
kick,1
cab,1
indefinite,1
honoring,1
seemingly,1
overlooked,1
duped,1
advertized,1
mislead,1
lasagna,1
cheesecake,1
digestible,1
promotes,1
implies,1
fifteen,1
obstructed,1
entitled,1
bomb,1
gentleman,1
smiled,1
resolve,1
suckered,1
plague,1
clicking,1
turtle,1
jumper,1
ram,1
pressure,1
nc,1
bee,1
diagnosed,1
diabetes,1
dollywood,1
carowinds,1
sheet,1
disbetes,1
recognize,1
carbs,1
injecting,1
carb,1
count,1
thet,1
challenging,1
reconsider,1
flu,1
measles,1
precaution,1
combatting,1
afterward,1
attachment,1
infront,1
disembarked,1
nutballs,1
trainride,1
employed,1
calfornina,1
mattorhorn,1
progress,1
sponsored,1
advertising,1
frequenting,1
questionable,1
agravation,1
manh,1
mmaintenance,1
disnayland,1
everyhing,1
caribian,1
mystery,1
starwars,1
eurodisnay,1
denmark,1
tivoli,1
europapark,1
latter,1
greatest,1
century,1
educated,1
scolding,1
invisible,1
involved,1
perimeter,1
ihop,1
andy,1
boast,1
relive,1
boot,1
jacket,1
fortunate,1
demeaning,1
degrading,1
punished,1
held,1
tongue,1
trade,1
sacrifice,1
tougher,1
skin,1
fend,1
worded,1
tghose,1
sadder,1
winnie,1
pooh,1
mobbed,1
marshal,1
aimlessly,1
partial,1
controlling,1
wald,1
attends,1
incorrect,1
collecting,1
serve,1
unearned,1
cane,1
discriminative,1
bldg,1
verbally,1
suffer,1
ill,1
died,1
facilitate,1
isa,1
folded,1
belong,1
dare,1
criticise,1
gota,1
liiinneeee,1
toilette,1
assumed,1
wandering,1
sow,1
braking,1
wallmart,1
distressing,1
printing,1
rainy,1
gourmet,1
tagged,1
magin,1
sidebar,1
legend,1
fading,1
release,1
logo,1
genius,1
replaced,1
dismissing,1
integrity,1
hearded,1
cement,1
pasture,1
tunnel,1
sewer,1
tho,1
sorely,1
grandparent,1
jovial,1
belligerent,1
owned,1
teflon,1
automaton,1
pat,1
tix,1
discriminate,1
prospective,1
birthdsay,1
swarmed,1
breathing,1
withing,1
francisco,1
monotone,1
x,1
misdirection,1
concerning,1
verifying,1
pamphlet,1
ruled,1
passive,1
aggressive,1
psycops,1
interpretation,1
serf,1
confuse,1
acquiring,1
inexplicably,1
dime,1
psychology,1
vulnerable,1
vacationed,1
infrastructure,1
seperated,1
unacceptably,1
console,1
kool,1
damaged,1
honeymooned,1
investment,1
regardless,1
soooooooo,1
relentless,1
incessant,1
omnipresent,1
fashion,1
scrape,1
ransom,1
ordering,1
dazed,1
consulted,1
soooooo,1
anita,1
delivery,1
feedback,1
confusing,1
placing,1
repeat,1
alcohol,1
seared,1
synapsis,1
parkthe,1
pointthe,1
turnstilesthe,1
lunchthe,1
downtime,1
popuar,1
thrillthe,1
monorailthe,1
sunsetthe,1
visible,1
sector,1
theater,1
opps,1
wast,1
harsh,1
affect,1
sleep,1
discriminates,1
inviting,1
egregious,1
hippa,1
privacy,1
outlived,1
usefulness,1
boondocks,1
aggravation,1
overpricing,1
revoke,1
ghetto,1
playground,1
babysat,1
gd,1
scientist,1
crown,1
index,1
icon,1
disorganized,1
wrinkled,1
represented,1
sour,1
ceiling,1
insulation,1
warped,1
dilapidated,1
unique,1
awash,1
ware,1
tawdry,1
malfunctioned,1
emphasis,1
unenjoyable,1
totalling,1
retire,1
differant,1
freak,1
hauled,1
cute,1
fabulous,1
fyi,1
allll,1
bussed,1
wrangler,1
junky,1
shadow,1
averaged,1
safari,1
meaning,1
pennsylvania,1
colorado,1
spotting,1
unicorn,1
anybody,1
gripe,1
increasing,1
hinterland,1
outlying,1
accustomed,1
alive,1
waking,1
alarmingly,1
maximizes,1
trite,1
formulated,1
sterile,1
marginal,1
reinvent,1
upscale,1
unsanitary,1
rama,1
pc,1
urine,1
cheeseburger,1
kart,1
everest,1
sf,1
insist,1
demanding,1
taker,1
tale,1
recurring,1
recall,1
raider,1
misting,1
dropping,1
bozo,1
butt,1
adjoining,1
bowling,1
alley,1
interstate,1
doesnt,1
billon,1
agin,1
exaggerating,1
melted,1
hahah,1
sopposed,1
boarding,1
strap,1
accross,1
throat,1
choking,1
released,1
addressing,1
hokey,1
awefull,1
buyer,1
skyrocketed,1
trademark,1
unaware,1
inordinate,1
appointed,1
remainder,1
dodging,1
inconsiderate,1
inattentive,1
salmon,1
upstream,1
witnessing,1
railing,1
depart,1
consecutive,1
inefficiency,1
infuriates,1
hoard,1
masse,1
oftentimes,1
thoroughfare,1
glare,1
ignore,1
jerk,1
intimidate,1
backing,1
puffing,1
chest,1
planting,1
staring,1
offender,1
monitor,1
graduate,1
formal,1
lagoon,1
salt,1
nonexistent,1
session,1
giddy,1
ala,1
funneled,1
dashed,1
scammed,1
bond,1
google,1
shameful,1
naive,1
disgrace,1
circa,1
pace,1
dingy,1
rundown,1
reopen,1
electronic,1
dinginess,1
ploy,1
brilliantly,1
unescorted,1
misbehaving,1
misbehave,1
matahorn,1
disgustingly,1
bard,1
surprisingly,1
bruise,1
nonetheless,1
resource,1
raskel,1
thief,1
youngest,1
ownership,1
mist,1
bigthunder,1
piriats,1
diaper,1
agian,1
guided,1
van,1
dot,1
aloud,1
fare,1
promote,1
ghost,1
astronaut,1
cowboy,1
faire,1
acted,1
irritable,1
terse,1
defense,1
rainforest,1
costa,1
rica,1
neighbor,1
financing,1
desk,1
disrepair,1
fro,1
clientelle,1
disapointment,1
relaxing,1
cap,1
wonderland,1
daisy,1
wrist,1
rethink,1
celebrating,1
developed,1
norovirus,1
diarrhea,1
abdominal,1
grandmother,1
caf,1
carrot,1
pasta,1
urgent,1
rehydrate,1
iv,1
virus,1
stil,1
mooving,1
kindness,1
disrespectfull,1
bypass,1
elapsed,1
prebook,1
queses,1
impeded,1
vastly,1
sympathized,1
peeved,1
thirty,1
cleanest,1
infested,1
debt,1
macaroon,1
tomato,1
indifferent,1
haha,1
figuring,1
escort,1
pandemonium,1
dailey,1
bearable,1
traumatic,1
tray,1
pinched,1
sobbing,1
prevented,1
projected,1
founded,1
destroyed,1
generation,1
wither,1
formerly,1
concentration,1
pole,1
position,1
apathetic,1
capped,1
realise,1
applies,1
responsible,1
inexperienced,1
conducive,1
timely,1
scheduling,1
motor,1
bmi,1
repulsed,1
spry,1
agile,1
rested,1
laziness,1
baring,1
readily,1
sundry,1
estimate,1
useful,1
roaming,1
text,1
purely,1
reopening,1
hatter,1
ability,1
cheesy,1
accommodating,1
spoil,1
reaction,1
belgium,1
evacuate,1
consolation,1
sworn,1
honour,1
sinning,1
extortionate,1
autographing,1
mainly,1
acknowledging,1
forked,1
underpay,1
settle,1
comprehend,1
category,1
semblance,1
assist,1
clam,1
chowder,1
bowl,1
cook,1
busboy,1
assisted,1
welfare,1
repeatedly,1
eatery,1
accomplish,1
cheerful,1
miserably,1
global,1
network,1
unprecedented,1
acknowledgement,1
historical,1
carful,1
huh,1
experiencesnot,1
borderline,1
forgo,1
contemporary,1
floridian,1
wilderness,1
polynesian,1
tattoo,1
piercing,1
entrybut,1
trinket,1
runningi,1
scare,1
topped,1
trek,1
maitanence,1
necer,1
gouging,1
lesser,1
bitter,1
worship,1
philosophy,1
gossiping,1
cursing,1
resorted,1
resembles,1
nursing,1
breathtaking,1
instruct,1
unsuccessful,1
reimbursement,1
roy,1
presently,1
hitting,1
accomadate,1
fainting,1
rediculus,1
teacup,1
brat,1
mush,1
transported,1
strict,1
thesis,1
ucla,1
nicely,1
criticism,1
undeterred,1
throng,1
membership,1
coz,1
atrocious,1
unhealthy,1
movement,1
shoosh,1
texting,1
piercings,1
isnt,1
headquarters,1
mon,1
tie,1
awaiting,1
maaterhorn,1
freinds,1
memeber,1
asure,1
worl,1
temp,1
degress,1
pavement,1
memebers,1
carthey,1
resturant,1
minuts,1
corprate,1
understatment,1
realtions,1
sqaure,1
meember,1
thougth,1
regualr,1
reminded,1
expections,1
refubdable,1
opera,1
cancaled,1
wer,1
helping,1
happest,1
shoud,1
false,1
advirtising,1
tinkerbell,1
minutesbut,1
seaworld,1
thro,1
wgood,1
disnet,1
rape,1
launched,1
winter,1
significant,1
reduction,1
favored,1
joe,1
welcomed,1
exspence,1
souvenire,1
hurrying,1
cordoned,1
creating,1
convention,1
supplemental,1
boom,1
determined,1
pact,1
outlook,1
journey,1
uncertainty,1
cared,1
winded,1
h,1
famed,1
emulate,1
lecture,1
immense,1
inaccessible,1
slowing,1
drastically,1
overcowded,1
yup,1
carsland,1
tounges,1
ulcer,1
ringing,1
matched,1
painted,1
toad,1
solved,1
caribean,1
fixing,1
midddle,1
cooperate,1
measure,1
requirement,1
waaaaaay,1
poolscons,1
yeah,1
handfull,1
frightened,1
timewithout,1
suprisedby,1
mashineswere,1
stocked,1
neverrecommened,1
cleanerand,1
attentive,1
hyped,1
amy,1
complimentary,1
box,1
transferred,1
hotline,1
replied,1
electriic,1
overi,1
v,1
damage,1
fairy,1
godmother,1
cove,1
chewed,1
whisper,1
kiddo,1
boiling,1
disrepectful,1
vender,1
fail,1
coughed,1
elbowed,1
sneezed,1
sucked,1
europe,1
win,1
lottery,1
respond,1
expedia,1
burnt,1
unsupervised,1
mob,1
unchaperoned,1
regualar,1
dinsey,1
labeled,1
excperience,1
extremly,1
scared,1
owning,1
decline,1
homey,1
satisfactory,1
popularity,1
growth,1
population,1
immensely,1
dissipate,1
manages,1
natural,1
expires,1
catal,1
loyal,1
notable,1
jeopardy,1
arguably,1
thiinking,1
pittance,1
heavily,1
resent,1
coupled,1
subsidize,1
sipping,1
cocktail,1
yacht,1
vat,1
carribbean,1
australian,1
queensland,1
sore,1
aching,1
commission,1
undisclosed,1
forty,1
tend,1
spruce,1
bargain,1
pr,1
profitable,1
salary,1
ta,1
milk,1
listing,1
gaudy,1
inappropriately,1
sexualized,1
budgeted,1
ace,1
dollarwe,1
reviewed,1
reread,1
butunfortunately,1
ff,1
boxing,1
daythis,1
bean,1
al,1
fistful,1
handover,1
parkwe,1
laterone,1
critical,1
preparedness,1
gobsmacked,1
inability,1
basic,1
hse,1
proactive,1
strategy,1
observed,1
thirld,1
patronslastly,1
everyplace,1
exempt,1
uncontrollable,1
cali,1
maneuvering,1
ranged,1
errs,1
maintaining,1
incidentally,1
fl,1
engineer,1
learns,1
rained,1
snapped,1
wicked,1
oufit,1
discover,1
empting,1
forvever,1
bed,1
agitated,1
asleep,1
impressionable,1
seend,1
netted,1
brutal,1
developmental,1
suspect,1
appealing,1
remaining,1
akin,1
stoic,1
reverse,1
forgive,1
animatronic,1
abraham,1
john,1
wilkes,1
infinitely,1
classier,1
oven,1
baked,1
pizzeria,1
beacon,1
yumminess,1
dismal,1
stark,1
contrast,1
absurdly,1
insensitive,1
kill,1
texted,1
riden,1
lanyard,1
hurray,1
oo,1
weapon,1
hearing,1
forged,1
anyways,1
paddling,1
fave,1
tostada,1
decorated,1
tink,1
entree,1
ariels,1
rail,1
proven,1
caring,1
brisbane,1
michael,1
jackson,1
wax,1
musuem,1
alex,1
fairfield,1
inn,1
mimi,1
outlawed,1
projector,1
laser,1
perk,1
eliminating,1
arranged,1
gimmicky,1
gettng,1
jostled,1
lowlite,1
couldnt,1
hazardous,1
paralyzed,1
disappearing,1
occupied,1
tel,1
shaking,1
tinny,1
godson,1
grinding,1
trudging,1
wound,1
searching,1
stumbled,1
renovated,1
village,1
haus,1
inspected,1
wierd,1
bluish,1
thawed,1
slapped,1
yellowish,1
brown,1
noodle,1
reluctantly,1
covered,1
basket,1
rediculously,1
resting,1
condiment,1
enternainment,1
debating,1
chidren,1
thereafter,1
poured,1
drainage,1
deluge,1
functionality,1
dismissed,1
arrogant,1
decently,1
predictable,1
indicates,1
shortly,1
shortest,1
official,1
indicated,1
accosted,1
clockwise,1
amounted,1
swear,1
sooo,1
fathom,1
unbelieveable,1
commander,1
shelled,1
hauling,1
guilty,1
voted,1
sand,1
scandanavian,1
newport,1
flip,1
owes,1
thinktank,1
streamline,1
experince,1
squeezing,1
penney,1
buzy,1
ninety,1
palpably,1
salvage,1
robotic,1
kindergarten,1
masterful,1
gullible,1
neglected,1
flashlight,1
tremendous,1
waver,1
surrounding,1
promised,1
bough,1
pure,1
sympathetic,1
cynical,1
argumentative,1
defensive,1
memorized,1
script,1
easter,1
darkness,1
trundled,1
shopworn,1
abominable,1
snowman,1
crystal,1
crummy,1
terrifying,1
teh,1
hip,1
stunt,1
dressing,1
cafeteria,1
relaxation,1
jusat,1
stollar,1
moral,1
cajun,1
ralph,1
brennans,1
ravenous,1
napa,1
rose,1
smashed,1
starving,1
lodged,1
stern,1
denied,1
unprepared,1
whats,1
bummed,1
invited,1
accomodated,1
overblown,1
climb,1
tinker,1
bell,1
twenty,1
sparrow,1
johnnie,1
depp,1
distain,1
dis,1
tattooed,1
pierced,1
sunburned,1
complicated,1
oprah,1
g,1
egg,1
bacon,1
croissant,1
chunk,1
mexican,1
inedible,1
burrito,1
leather,1
chancey,1
crisp,1
groomed,1
perfectly,1
chipped,1
paint,1
sweetest,1
adorable,1
darling,1
embody,1
perfection,1
intended,1
shot,1
cannon,1
contraption,1
ambience,1
conclusion,1
tay,1
hottest,1
shower,1
scrubbed,1
stiff,1
loofa,1
spf,1
residue,1
bbq,1
drift,1
cheer,1
institution,1
brisk,1
plopping,1
greeted,1
inadvertenetly,1
chistmas,1
seattle,1
astonished,1
shed,1
summit,1
subjective,1
premier,1
press,1
hoopla,1
ugh,1
extreemly,1
attaractions,1
awefullget,1
freind,1
meantime,1
speaker,1
proclaiming,1
responnse,1
sailing,1
columbia,1
signed,1
proclaimed,1
greet,1
prop,1
exodus,1
freedom,1
spouse,1
boiled,1
imagineers,1
shamed,1
becoming,1
parker,1
converge,1
dash,1
spash,1
kiddy,1
wondered,1
reopened,1
kaos,1
widow,1
bottled,1
include,1
coul,1
raking,1
seasson,1
visitng,1
delay,1
amusemnt,1
fastlane,1
nigthmere,1
dissaster,1
stretching,1
cluster,1
daylight,1
throught,1
openning,1
sweep,1
horde,1
supprised,1
cited,1
maid,1
grocery,1
laudromat,1
owner,1
quest,1
remains,1
dire,1
reconstruction,1
teeth,1
mouth,1
puppet,1
contain,1
candybars,1
slush,1
grill,1
royalty,1
remained,1
spirit,1
lengthy,1
